compound_name,count,dataset
The City,6094,residential_rent
Unknown,984,residential_rent
The View,601,residential_rent
Fifth Square,280,residential_rent
Privado,221,residential_rent
Mountain View Hyde Park,128,residential_rent
District 5,68,residential_rent
Madinaty,60,residential_rent
Palm Hills Golf Extension,46,residential_rent
Go Heliopolis,39,residential_rent
Stone Park,35,residential_rent
The Residences,31,residential_rent
Sodic East,28,residential_rent
Marassi,23,residential_rent
Zayed Regency,22,residential_rent
I Sheraton,21,residential_rent
Red,20,residential_rent
City View,20,residential_rent
Terrace,19,residential_rent
El Patio 7,17,residential_rent
The 8,16,residential_rent
White,14,residential_rent
Karma Residence,12,residential_rent
Sawary,6,residential_rent
Almaza Bay,6,residential_rent
Amwaj,4,residential_rent
Hyde Park Central,3,residential_rent
The Residence,3,residential_rent
Valore Smouha,2,residential_rent
Atrio,2,residential_rent
Alex West,2,residential_rent
Marina 8,2,residential_rent
Palm Hills New Cairo,2,residential_rent
Gaia,2,residential_rent
Andalus,1,residential_rent
Arabesque (Fustat),1,residential_rent
Aljar Sheraton,1,residential_rent
Karmell,1,residential_rent
Veranda Smouha,1,residential_rent
Caesar,1,residential_rent
Hacienda Red,1,residential_rent
Porto New Cairo,1,residential_rent
Cairo Gate,1,residential_rent
La Vista Bay,1,residential_rent
Down Town,1,residential_rent
Fanadir Bay,1,residential_rent
Cairo Town,1,residential_rent
The City,7997,residential_sale
Red,1104,residential_sale
The View,763,residential_sale
Unknown,687,residential_sale
Fifth Square,235,residential_sale
Marassi,183,residential_sale
Phia Il Monte Galala,177,residential_sale
Privado,155,residential_sale
The Residence,138,residential_sale
District 5,110,residential_sale
Palm Hills Golf Extension,109,residential_sale
Mountain View Hyde Park,106,residential_sale
Sodic East,84,residential_sale
La Vista 6,64,residential_sale
Marina 8,63,residential_sale
Karmell,55,residential_sale
Fouka Bay,52,residential_sale
Madinaty,49,residential_sale
Stone Park,48,residential_sale
Soul,46,residential_sale
Talala,41,residential_sale
The Residences,37,residential_sale
Go Heliopolis,36,residential_sale
June,35,residential_sale
Almaza Bay,34,residential_sale
Amwaj,33,residential_sale
Ramla,33,residential_sale
White,30,residential_sale
Azha North Coast,30,residential_sale
Porto New Cairo,30,residential_sale
Ogami Ras El Hekma,27,residential_sale
Telal Sokhna,27,residential_sale
El Patio 7,26,residential_sale
D-Bay North Coast,25,residential_sale
La Vista Ras El Hekma,23,residential_sale
Sawary,23,residential_sale
Esse Residence in Sarai,23,residential_sale
Hills Of One,22,residential_sale
La Vista Bay,21,residential_sale
Alex West,20,residential_sale
Crescent Walk,20,residential_sale
Lasirena Palm Beach,20,residential_sale
Hacienda West,20,residential_sale
Remal North Coast (Ras EL Hekma),19,residential_sale
Hacienda Waters,19,residential_sale
The Marq,19,residential_sale
Beit Al Bahr,19,residential_sale
Solana East,17,residential_sale
The 8,17,residential_sale
Karma Residence,16,residential_sale
Gaia,16,residential_sale
Seashore,15,residential_sale
Marsa Baghush,15,residential_sale
Jade Park,15,residential_sale
Palm Hills New Cairo,15,residential_sale
Telal North Coast,14,residential_sale
Stoda Sheraton Compound,13,residential_sale
Blue Blue,13,residential_sale
East Vale,13,residential_sale
Bleu Vert,12,residential_sale
DeJoya 4,12,residential_sale
Hyde Park Central,12,residential_sale
I Sheraton,11,residential_sale
La Vista Gardens,11,residential_sale
Mar Bay Ras El Hekma,11,residential_sale
Hacienda Heneish,11,residential_sale
Cali Coast,10,residential_sale
La Verde Casette,10,residential_sale
SeaShell Playa,10,residential_sale
Salt,9,residential_sale
Atrio,9,residential_sale
Lasirena North Coast,8,residential_sale
Vee Muruj,8,residential_sale
The Crest,8,residential_sale
Zahra,8,residential_sale
Cape Bay,8,residential_sale
Little Venice,8,residential_sale
Jiwar,7,residential_sale
Rewaya,7,residential_sale
Murano Wadi Degla,7,residential_sale
Seasons Residence,7,residential_sale
Canyon 8,7,residential_sale
Azzurra,7,residential_sale
Zayed Regency,7,residential_sale
Valore Smouha,7,residential_sale
Youd,6,residential_sale
Isola Sheraton,6,residential_sale
Fanadir Bay,6,residential_sale
Rock Yard,6,residential_sale
Granville,6,residential_sale
La Vista Cascada,6,residential_sale
Caesar,6,residential_sale
Ever New Cairo,6,residential_sale
The Axis,6,residential_sale
La Colina,6,residential_sale
Key Of Greens,6,residential_sale
Lake West 4,6,residential_sale
Tawny,5,residential_sale
Najm,5,residential_sale
Lumia Residence,5,residential_sale
Westview Residence,5,residential_sale
Stella Di Mare,5,residential_sale
Jefaira Quayside,5,residential_sale
Aljar Sheraton,4,residential_sale
Park View Haptown,4,residential_sale
Bella Vento Galala Ain Sokhna,4,residential_sale
Selena,4,residential_sale
Blumar El Sokhna,4,residential_sale
Marseilia Beach 4,4,residential_sale
Koun,4,residential_sale
Safia  Ras El Hekma,4,residential_sale
City View,4,residential_sale
Cityzen,4,residential_sale
Plage,4,residential_sale
Seazen,4,residential_sale
Belva Sheikh Zayed Compound,4,residential_sale
La Capitale,4,residential_sale
Naia Bay,3,residential_sale
OIA Compound,3,residential_sale
Acasa Mia,3,residential_sale
Lagoons New Capital,3,residential_sale
Boho El Sokhna,3,residential_sale
Ivory Muruj,3,residential_sale
Rare,3,residential_sale
Grand Lane,3,residential_sale
Silvia,3,residential_sale
La Vista Ray,3,residential_sale
Hacienda Red,3,residential_sale
North Code,3,residential_sale
Sheya Residence In Sarai,3,residential_sale
Elite West,3,residential_sale
Lake West 2,3,residential_sale
Solare,3,residential_sale
Isola centra,2,residential_sale
Crystal Plaza,2,residential_sale
Terrace,2,residential_sale
Noll,2,residential_sale
Kai Sokhna,2,residential_sale
Ray Residence,2,residential_sale
Shababeek,2,residential_sale
Ion,2,residential_sale
Rhodes,2,residential_sale
Park Lane,2,residential_sale
Haven,2,residential_sale
Rivan,2,residential_sale
Diplo East,2,residential_sale
Cairo Town,2,residential_sale
Notion,2,residential_sale
Eastville,2,residential_sale
Bianchi Ilios,2,residential_sale
El Patio Vera,2,residential_sale
Ceaser,2,residential_sale
Laguna Bay,2,residential_sale
Summer,2,residential_sale
Triangle,2,residential_sale
Bungalows,2,residential_sale
Lasirena Bay,2,residential_sale
North House,2,residential_sale
Scenes,2,residential_sale
Al Sokhna Hills,2,residential_sale
Saada North Coast Compound,2,residential_sale
Coronado,2,residential_sale
Riviera Beach,2,residential_sale
Furl Jefaira,2,residential_sale
Ravie,1,residential_sale
Carnelia Ain Sokhna,1,residential_sale
Waterway East,1,residential_sale
Al Dau Heights,1,residential_sale
The Lark Residence,1,residential_sale
Stella Di Mare 2,1,residential_sale
The Pearl,1,residential_sale
Bella East,1,residential_sale
La Vita North Coast,1,residential_sale
Q North,1,residential_sale
Avelin,1,residential_sale
Nurai,1,residential_sale
La Vida,1,residential_sale
Club Park,1,residential_sale
Dejoya Villa,1,residential_sale
Valore Sheraton,1,residential_sale
De Joya 2,1,residential_sale
Cairo Gate,1,residential_sale
The Key,1,residential_sale
Nest,1,residential_sale
Entrada,1,residential_sale
M Apartments,1,residential_sale
Atika,1,residential_sale
Hacienda Blue,1,residential_sale
Aroma El sokhna,1,residential_sale
Bella Romance,1,residential_sale
Marina Wadi Degla,1,residential_sale
G-Bay,1,residential_sale
Baymount,1,residential_sale
Dose,1,residential_sale
The Waterway North Coast,1,residential_sale
Golf Town,1,residential_sale
Coral Hills,1,residential_sale
The Loft,1,residential_sale
Playa Town,1,residential_sale
Elora,1,residential_sale
Azzar Islands,1,residential_sale
Bellagio,1,residential_sale
Kairo,1,residential_sale
The City,5184,commercial_rent
Unknown,1950,commercial_rent
Fifth Square,371,commercial_rent
Go Heliopolis,326,commercial_rent
District 5,196,commercial_rent
I Sheraton,189,commercial_rent
The View,164,commercial_rent
Cairo Town,28,commercial_rent
Triangle,23,commercial_rent
Madinaty,17,commercial_rent
Isola Sheraton,17,commercial_rent
Sodic East,11,commercial_rent
Red,8,commercial_rent
The Residence,8,commercial_rent
The 8,7,commercial_rent
Privado,7,commercial_rent
Cairo Gate,7,commercial_rent
Palm Hills Golf Extension,6,commercial_rent
Stoda Sheraton Compound,6,commercial_rent
Ashgar Darna Compound,3,commercial_rent
Aljar Sheraton,2,commercial_rent
Valore Sheraton,1,commercial_rent
Rock Yard,1,commercial_rent
Mountain View Hyde Park,1,commercial_rent
Zahra,1,commercial_rent
Stone Park,1,commercial_rent
Palm Hills New Cairo,1,commercial_rent
Ever New Cairo,1,commercial_rent
Crystal Plaza,1,commercial_rent
Down Town,1,commercial_rent
Valore Smouha,1,commercial_rent
Rare,1,commercial_rent
Zayed Regency,1,commercial_rent
The Axis,1,commercial_rent
Granville,1,commercial_rent
Marina 8,1,commercial_rent
The 101,1,commercial_rent
The City,4687,commercial_sale
Unknown,1110,commercial_sale
Fifth Square,164,commercial_sale
Go Heliopolis,147,commercial_sale
The View,126,commercial_sale
District 5,85,commercial_sale
Madinaty,61,commercial_sale
Privado,46,commercial_sale
I Sheraton,39,commercial_sale
Isola Sheraton,27,commercial_sale
Ever New Cairo,25,commercial_sale
Sawary,21,commercial_sale
Solana East,19,commercial_sale
Zahya,15,commercial_sale
Cairo Town,11,commercial_sale
Triangle,10,commercial_sale
Cairo Gate,7,commercial_sale
The 8,7,commercial_sale
East Tower,7,commercial_sale
DeJoya 4,6,commercial_sale
Red,6,commercial_sale
Sodic East,5,commercial_sale
The Residence,5,commercial_sale
Stoda Sheraton Compound,5,commercial_sale
Caesar,4,commercial_sale
Vee Muruj,4,commercial_sale
Zayed Regency,3,commercial_sale
Moraya,2,commercial_sale
Atrio,2,commercial_sale
Park Lane,2,commercial_sale
Green Plaza,2,commercial_sale
Ashgar Darna Compound,2,commercial_sale
Hyde Park Central,2,commercial_sale
Hills Of One,2,commercial_sale
Waterway East,2,commercial_sale
Lake West 2,2,commercial_sale
The Axis,2,commercial_sale
Marina 8,2,commercial_sale
Jamila,2,commercial_sale
Granville,1,commercial_sale
La Verde Casette,1,commercial_sale
Palm Hills Golf Extension,1,commercial_sale
Dejoya Villa,1,commercial_sale
White,1,commercial_sale
Crystal Plaza,1,commercial_sale
Nurai,1,commercial_sale
Salt,1,commercial_sale
The 101,1,commercial_sale
Atika,1,commercial_sale
Double Two Tower,1,commercial_sale
Oia Towers,1,commercial_sale
Modon Mega Tower,1,commercial_sale
Ivory Muruj,1,commercial_sale
Porto New Cairo,1,commercial_sale
